{
    "avg": {
        "a": 0.2991976737976074,
        "b": -0.4035017788410187,
        "c": 0.6956695914268494
    },
    "sb": {
        "a": 0.19640617072582245,
        "b": -0.2820969820022583,
        "c": 0.7609823942184448
    },
    "pb": {
        "a": 0.20458799600601196,
        "b": -0.2612229287624359,
        "c": 0.7693988680839539
    },
    "all": {
        "avg": {
            "a": 0,
            "b": 0,
            "c": 0
        },
        "sb": {
            "a": 0,
            "b": 0,
            "c": 0
        },
        "ffl": {
            "a": 0,
            "b": 0
        }
    }
}