{
    "avg": {
        "a": 0.2770373225212097,
        "b": -0.4335782825946808,
        "c": 0.7520180940628052
    },
    "sb": {
        "a": 0.24408218264579773,
        "b": -0.24966762959957123,
        "c": 0.7296164631843567
    },
    "pb": {
        "a": 0.20458799600601196,
        "b": -0.2612229287624359,
        "c": 0.7693988680839539
    },
    "all": {
        "avg": {
            "a": 0,
            "b": 0,
            "c": 0
        },
        "sb": {
            "a": 0,
            "b": 0,
            "c": 0
        },
        "ffl": {
            "a": 0,
            "b": 0
        }
    }
}