{
    "avg": {
        "a": 0.3830930660969117,
        "b": -0.12519632518343798,
        "c": 0.74435655002517
    },
    "sb": {
        "a": 0.10205351116986465,
        "b": -0.30669362907217185,
        "c": 0.9795694243130547
    },
    "pb": {
        "a": 0.20458799600601196,
        "b": -0.2612229287624359,
        "c": 0.7693988680839539
    },
    "all": {
        "avg": {
            "a": 0,
            "b": 0,
            "c": 0
        },
        "sb": {
            "a": 0,
            "b": 0,
            "c": 0
        },
        "ffl": {
            "a": 0,
            "b": 0
        }
    }
}