{
    "avg": {
        "a": 0.30076299044004673,
        "b": -0.14923700955994557,
        "c": 0.8507629904400413
    },
    "sb": {
        "a": 0.20268418963569654,
        "b": -0.24731581036430347,
        "c": 0.7526841896356958
    },
    "pb": {
        "a": 0.20458799600601196,
        "b": -0.2612229287624359,
        "c": 0.7693988680839539
    },
    "all": {
        "avg": {
            "a": 0,
            "b": 0,
            "c": 0
        },
        "sb": {
            "a": 0,
            "b": 0,
            "c": 0
        },
        "ffl": {
            "a": 0,
            "b": 0
        }
    }
}