{
    "avg": {
        "a": 0.28543992266021107,
        "b": -0.3668343044238684,
        "c": 0.7738866689761639
    },
    "sb": {
        "a": 0.26146296687597803,
        "b": -0.20185409015617822,
        "c": 0.7359319806185696
    },
    "pb": {
        "a": 0.20458799600601196,
        "b": -0.2612229287624359,
        "c": 0.7693988680839539
    },
    "all": {
        "avg": {
            "a": 0,
            "b": 0,
            "c": 0
        },
        "sb": {
            "a": 0,
            "b": 0,
            "c": 0
        },
        "ffl": {
            "a": 0,
            "b": 0
        }
    }
}