{
    "avg": {
        "a": 0.325431713619813,
        "b": -0.31498092031156066,
        "c": 0.702643594661428
    },
    "sb": {
        "a": 0.22384264742632298,
        "b": -0.22034679043884942,
        "c": 0.7325692222121809
    },
    "pb": {
        "a": 0.20458799600601196,
        "b": -0.2612229287624359,
        "c": 0.7693988680839539
    },
    "all": {
        "avg": {
            "a": 0,
            "b": 0,
            "c": 0
        },
        "sb": {
            "a": 0,
            "b": 0,
            "c": 0
        },
        "ffl": {
            "a": 0,
            "b": 0
        }
    }
}