{
    "avg": {
        "a": 0.29862168851656623,
        "b": -0.395796898673831,
        "c": 0.7572135742960393
    },
    "sb": {
        "a": 0.22177397195197443,
        "b": -0.25216862893267233,
        "c": 0.7757092830463368
    },
    "pb": {
        "a": 0.20458799600601196,
        "b": -0.2612229287624359,
        "c": 0.7693988680839539
    },
    "all": {
        "avg": {
            "a": 0,
            "b": 0,
            "c": 0
        },
        "sb": {
            "a": 0,
            "b": 0,
            "c": 0
        },
        "ffl": {
            "a": 0,
            "b": 0
        }
    }
}