{
    "avg": {
        "a": 0.35763078927993774,
        "b": -0.406598836183548,
        "c": 0.6326820254325867
    },
    "sb": {
        "a": 0.19640617072582245,
        "b": -0.2820969820022583,
        "c": 0.7609823942184448
    },
    "pb": {
        "a": 0.20458799600601196,
        "b": -0.2612229287624359,
        "c": 0.7693988680839539
    },
    "all": {
        "avg": {
            "a": 0,
            "b": 0,
            "c": 0
        },
        "sb": {
            "a": 0,
            "b": 0,
            "c": 0
        },
        "ffl": {
            "a": 0,
            "b": 0
        }
    }
}